<?xml version="1.0"?>
<opencv_storage>
<cascade>
  <stageType>BOOST</stageType>
  <featureType>LBP</featureType>
  <height>24</height>
  <width>24</width>
  <stageParams>
    <boostType>GAB</boostType>
    <minHitRate>9.9949997663497925e-01</minHitRate>
    <maxFalseAlarm>4.0000000596046448e-01</maxFalseAlarm>
    <weightTrimRate>9.4999999999999996e-01</weightTrimRate>
    <maxDepth>1</maxDepth>
    <maxWeakCount>100</maxWeakCount></stageParams>
  <featureParams>
    <maxCatCount>256</maxCatCount>
    <featSize>1</featSize></featureParams>
  <stageNum>10</stageNum>
  <stages>
    <!-- stage 0 -->
    <_>
      <maxWeakCount>2</maxWeakCount>
      <stageThreshold>-4.6906962990760803e-02</stageThreshold>
      <weakClassifiers>
        <_>
          <internalNodes>
            0 -1 8 -724247084 -33554433 -789250059 -167903777 -705560577
            -1 -33554433 -1</internalNodes>
          <leafValues>
            -9.4144904613494873e-01 9.6713662147521973e-01</leafValues></_>
        <_>
          <internalNodes>
            0 -1 74 -290784012 -37033473 -749733889 -1049653 -67119121
            -4210273 -1 -1025</internalNodes>
          <leafValues>
            -9.2786365747451782e-01 8.9454203844070435e-01</leafValues></_></weakClassifiers></_>
    <!-- stage 1 -->
    <_>
      <maxWeakCount>6</maxWeakCount>
      <stageThreshold>-1.4143337011337280e+00</stageThreshold>
      <weakClassifiers>
        <_>
          <internalNodes>
            0 -1 9 -2621488 -524289 -1 -129 -2752556 -1025 -1 -1</internalNodes>
          <leafValues>
            -8.3185738325119019e-01 9.1585385799407959e-01</leafValues></_>
        <_>
          <internalNodes>
            0 -1 33 -201329926 -1 14954546 -1793 -1 -131073 -201327877
            -1025</internalNodes>
          <leafValues>
            -7.1514070034027100e-01 8.8884735107421875e-01</leafValues></_>
        <_>
          <internalNodes>
            0 -1 37 -185270273 -1 -185206785 -1 -185204737 -1049345
            -189399041 -1</internalNodes>
          <leafValues>
            -7.2493511438369751e-01 8.3401578664779663e-01</leafValues></_>
        <_>
          <internalNodes>
            0 -1 73 -77 -6291677 -201592272 -239996496 -67108933
            -20971541 -117440896 -5505141</internalNodes>
          <leafValues>
            -5.6560897827148438e-01 7.8857004642486572e-01</leafValues></_>
        <_>
          <internalNodes>
            0 -1 25 -2118657 -21505 1071489727 -20481 -33571841 -16385
            2147466171 2147466239</internalNodes>
          <leafValues>
            -6.2147217988967896e-01 7.1275305747985840e-01</leafValues></_>
        <_>
          <internalNodes>
            0 -1 6 -1048833 -4097 -22872350 -152633618 -546832689
            -1082171659 -700131634 -13073</internalNodes>
          <leafValues>
            -5.6408214569091797e-01 6.9050168991088867e-01</leafValues></_></weakClassifiers></_>
    <!-- stage 2 -->
    <_>
      <maxWeakCount>7</maxWeakCount>
      <stageThreshold>-1.8348593711853027e+00</stageThreshold>
      <weakClassifiers>
        <_>
          <internalNodes>
            0 -1 53 1423826429 -536870913 2013265919 -1 1087689981
            -570434049 -788537857 -33554945</internalNodes>
          <leafValues>
            -7.3433339595794678e-01 8.8398432731628418e-01</leafValues></_>
        <_>
          <internalNodes>
            0 -1 22 -185204737 -1 1960116213 -168296449 -1 -2097153
            -2621441 -1</internalNodes>
          <leafValues>
            -6.0383462905883789e-01 8.4886711835861206e-01</leafValues></_>
        <_>
          <internalNodes>
            0 -1 5 -2 -1 -286331666 -262402 -262417 -4097 -100731676 -1</internalNodes>
          <leafValues>
            -6.6521137952804565e-01 7.4364459514617920e-01</leafValues></_>
        <_>
          <internalNodes>
            0 -1 7 -537919506 -1123858 -45491217 -1049105 -2097202
            -599475512 -3407921 1330638671</internalNodes>
          <leafValues>
            -7.1795105934143066e-01 6.5689241886138916e-01</leafValues></_>
        <_>
          <internalNodes>
            0 -1 34 -11534385 -1025 -1077019698 -3680562 -2097169
            -524289 -7865426 -68158806</internalNodes>
          <leafValues>
            -5.3596693277359009e-01 7.4073022603988647e-01</leafValues></_>
        <_>
          <internalNodes>
            0 -1 81 -1 -18 -1073872897 -515 -856686595 -537079811
            -823202339 -8996</internalNodes>
          <leafValues>
            -5.9745979309082031e-01 6.3731706142425537e-01</leafValues></_>
        <_>
          <internalNodes>
            0 -1 65 1600117155 990507264 -570428975 -576849007
            -1612973121 -275845189 1056963977 -1383072369</internalNodes>
          <leafValues>
            -5.1549100875854492e-01 6.4505439996719360e-01</leafValues></_></weakClassifiers></_>
    <!-- stage 3 -->
    <_>
      <maxWeakCount>9</maxWeakCount>
      <stageThreshold>-1.6712069511413574e+00</stageThreshold>
      <weakClassifiers>
        <_>
          <internalNodes>
            0 -1 15 2139040443 -1 872362939 -17409 -16385 -16385
            -67126273 -16385</internalNodes>
          <leafValues>
            -5.3791815042495728e-01 8.9052063226699829e-01</leafValues></_>
        <_>
          <internalNodes>
            0 -1 11 -1 -1 -258 -262 -1061666 -8993 -2210624 -13090</internalNodes>
          <leafValues>
            -5.9880518913269043e-01 8.1617510318756104e-01</leafValues></_>
        <_>
          <internalNodes>
            0 -1 55 -50331649 -1 -1241513985 -1 -724238849 -1128267777
            -185204737 -1</internalNodes>
          <leafValues>
            -5.3442817926406860e-01 8.3615750074386597e-01</leafValues></_>
        <_>
          <internalNodes>
            0 -1 45 -12626 -145821713 -285217054 -1 -805318657 -16777217
            -2097153 -21</internalNodes>
          <leafValues>
            -5.2542418241500854e-01 7.0734119415283203e-01</leafValues></_>
        <_>
          <internalNodes>
            0 -1 72 -33 -1145053735 -560 -1870069888 -2049 -541065217
            -33556072 -100925445</internalNodes>
          <leafValues>
            -5.4921019077301025e-01 6.6124361753463745e-01</leafValues></_>
        <_>
          <internalNodes>
            0 -1 18 -16781585 -17829937 -361305345 -1024528645
            -688930673 -884083129 -119676161 -229638145</internalNodes>
          <leafValues>
            -5.3382384777069092e-01 6.3889813423156738e-01</leafValues></_>
        <_>
          <internalNodes>
            0 -1 43 -4194308 -47384288 -75513859 797826990 -16778241
            -75630287 -262210 791674671</internalNodes>
          <leafValues>
            -6.6572082042694092e-01 4.5214760303497314e-01</leafValues></_>
        <_>
          <internalNodes>
            0 -1 31 2027712245 2094331903 -579076225 -2098193 1179667157
            2144402429 -2129921 1543451647</internalNodes>
          <leafValues>
            -5.5599886178970337e-01 5.2233254909515381e-01</leafValues></_>
        <_>
          <internalNodes>
            0 -1 83 -262153 -272629764 -537133579 -2163787 -285212687
            -940590425 1475727412 -285213676</internalNodes>
          <leafValues>
            -5.3879946470260620e-01 5.6786024570465088e-01</leafValues></_></weakClassifiers></_>
    <!-- stage 4 -->
    <_>
      <maxWeakCount>9</maxWeakCount>
      <stageThreshold>-1.8894506692886353e+00</stageThreshold>
      <weakClassifiers>
        <_>
          <internalNodes>
            0 -1 26 -9043979 -176816267 -524293 1970665463 -9175041
            -557065 -1 -134217729</internalNodes>
          <leafValues>
            -6.1642229557037354e-01 8.7191629409790039e-01</leafValues></_>
        <_>
          <internalNodes>
            0 -1 59 -33554433 -1 -50397185 -117440513 -1933705731
            -50471425 -1326317569 -2131361793</internalNodes>
          <leafValues>
            -5.4993551969528198e-01 8.0004256963729858e-01</leafValues></_>
        <_>
          <internalNodes>
            0 -1 56 -7405570 -586648577 -8259 -8439329 -52625442
            -871858950 -525313 -1048577</internalNodes>
          <leafValues>
            -7.6357203722000122e-01 5.8323734998703003e-01</leafValues></_>
        <_>
          <internalNodes>
            0 -1 4 -1 -16777473 -1048577 -521211314 -4097 -16785697 -5
            -16843777</internalNodes>
          <leafValues>
            -5.8738881349563599e-01 6.7428743839263916e-01</leafValues></_>
        <_>
          <internalNodes>
            0 -1 19 -537084993 -16385 2147363739 -67163213 -1 -1 -16385
            -49153</internalNodes>
          <leafValues>
            -5.8768159151077271e-01 6.2958711385726929e-01</leafValues></_>
        <_>
          <internalNodes>
            0 -1 76 -85 -3201 -10489485 -12856416 -1049341 -808785277
            -136317103 -134219821</internalNodes>
          <leafValues>
            -6.0237097740173340e-01 5.8155751228332520e-01</leafValues></_>
        <_>
          <internalNodes>
            0 -1 23 -25770273 -33025 -17629441 -1380369 1313884234
            -13073 -129970497 -11841713</internalNodes>
          <leafValues>
            -5.1148670911788940e-01 6.1246418952941895e-01</leafValues></_>
        <_>
          <internalNodes>
            0 -1 32 2136996814 -2050 1936719850 2144582126 -8194
            -2098178 -148129106 -67110166</internalNodes>
          <leafValues>
            -5.4718142747879028e-01 5.2650070190429688e-01</leafValues></_>
        <_>
          <internalNodes>
            0 -1 48 1150681087 -570426433 -111411205 938209715
            -791544833 -906253393 -1682440549 -1327106</internalNodes>
          <leafValues>
            -5.9829056262969971e-01 4.6679779887199402e-01</leafValues></_></weakClassifiers></_>
    <!-- stage 5 -->
    <_>
      <maxWeakCount>10</maxWeakCount>
      <stageThreshold>-1.6718254089355469e+00</stageThreshold>
      <weakClassifiers>
        <_>
          <internalNodes>
            0 -1 2 -327686 -1 -9371658 -1 -179249712 -8912897 -337666 -5</internalNodes>
          <leafValues>
            -5.4540044069290161e-01 8.5592800378799438e-01</leafValues></_>
        <_>
          <internalNodes>
            0 -1 50 -1 -67305602 -82180 -81922 -1 -16385 -4 -66562</internalNodes>
          <leafValues>
            -5.3603309392929077e-01 8.1483083963394165e-01</leafValues></_>
        <_>
          <internalNodes>
            0 -1 35 -1073744897 -1145359429 -2049 -1078215749 -4195329
            -1073758277 -1 -1073759233</internalNodes>
          <leafValues>
            -6.0368651151657104e-01 6.8952387571334839e-01</leafValues></_>
        <_>
          <internalNodes>
            0 -1 65 -591 -1694238464 -136315567 -40895071 -2097233
            -1078984773 -6296179 -1081082481</internalNodes>
          <leafValues>
            -5.7803153991699219e-01 6.5594458580017090e-01</leafValues></_>
        <_>
          <internalNodes>
            0 -1 47 1057072 2096938975 930430973 -2244865 2133933045
            -1073906695 -148483 -1074001223</internalNodes>
          <leafValues>
            -6.2414067983627319e-01 5.6630837917327881e-01</leafValues></_>
        <_>
          <internalNodes>
            0 -1 66 1156236527 1442782975 -672399361 184238071 -592897
            -536837 -17 -1073741825</internalNodes>
          <leafValues>
            -6.5568506717681885e-01 5.1191723346710205e-01</leafValues></_>
        <_>
          <internalNodes>
            0 -1 82 -141 -269749253 -544482091 -75414 -1276127374
            -67141410 -1218579692 -67174412</internalNodes>
          <leafValues>
            -6.0852676630020142e-01 4.3432161211967468e-01</leafValues></_>
        <_>
          <internalNodes>
            0 -1 16 1526652895 -1029 -80674817 -3223559 -990851108
            -654508033 -553689269 1342131039</internalNodes>
          <leafValues>
            -6.1432933807373047e-01 4.2641159892082214e-01</leafValues></_>
        <_>
          <internalNodes>
            0 -1 78 -79954005 -1423708640 2013116785 -142412174
            -1073873013 -1365526848 -676333695 -538970672</internalNodes>
          <leafValues>
            -4.9200603365898132e-01 5.1951974630355835e-01</leafValues></_>
        <_>
          <internalNodes>
            0 -1 42 -1804 805371648 -143172621 -1111935041 -10251
            -1120670892 -1048645 791674815</internalNodes>
          <leafValues>
            -5.5178719758987427e-01 4.9089902639389038e-01</leafValues></_></weakClassifiers></_>
    <!-- stage 6 -->
    <_>
      <maxWeakCount>11</maxWeakCount>
      <stageThreshold>-1.9775515794754028e+00</stageThreshold>
      <weakClassifiers>
        <_>
          <internalNodes>
            0 -1 44 -1114132 -1 -269680692 -271777844 -1 -262145
            -1114164 -3145844</internalNodes>
          <leafValues>
            -5.1810878515243530e-01 8.5641235113143921e-01</leafValues></_>
        <_>
          <internalNodes>
            0 -1 28 1932785427 -201326593 -9 -8193 928251903 -3
            1065293307 -49153</internalNodes>
          <leafValues>
            -5.4647320508956909e-01 7.5678247213363647e-01</leafValues></_>
        <_>
          <internalNodes>
            0 -1 63 -818877449 -9393296 -67112961 -9094809 -213848090
            -13465246 -61617 -1620221</internalNodes>
          <leafValues>
            -5.1064157485961914e-01 7.3561549186706543e-01</leafValues></_>
        <_>
          <internalNodes>
            0 -1 69 -541065221 -4980839 -8916272 -41353328 -23071813
            -1684024517 -16777270 -1146356822</internalNodes>
          <leafValues>
            -6.0066288709640503e-01 5.8999866247177124e-01</leafValues></_>
        <_>
          <internalNodes>
            0 -1 13 -8193 -180365385 -1310785 -77398177 -757804 -65647
            -538193940 -17108994</internalNodes>
          <leafValues>
            -5.1829653978347778e-01 5.8842986822128296e-01</leafValues></_>
        <_>
          <internalNodes>
            0 -1 40 2132430160 2143231999 -608509953 2147450879 -4554758
            -67371585 -65601 -1078259941</internalNodes>
          <leafValues>
            -5.3158897161483765e-01 5.6229233741760254e-01</leafValues></_>
        <_>
          <internalNodes>
            0 -1 20 -168842241 -581310507 1573200315 761113053 -54280193
            -553331313 2144975839 1071628287</internalNodes>
          <leafValues>
            -6.5908598899841309e-01 4.0312385559082031e-01</leafValues></_>
        <_>
          <internalNodes>
            0 -1 57 -486543826 1793749359 -296817150 -824327963
            -1329630921 726796875 -5377020 -19924228</internalNodes>
          <leafValues>
            -6.1599969863891602e-01 4.0466630458831787e-01</leafValues></_>
        <_>
          <internalNodes>
            0 -1 77 -12 -17894492 -912068252 -299175552 1509815799
            1542454271 1160368373 -285216849</internalNodes>
          <leafValues>
            -6.8444502353668213e-01 3.6077484488487244e-01</leafValues></_>
        <_>
          <internalNodes>
            0 -1 0 1896865615 1073824808 1908397471 1090730811
            -547360897 2071399907 -13090 -1313</internalNodes>
          <leafValues>
            -5.3456437587738037e-01 4.7800841927528381e-01</leafValues></_>
        <_>
          <internalNodes>
            0 -1 39 424933372 808478516 -550274753 -1342325825 -4457483
            -243931152 -1075855361 1051721663</internalNodes>
          <leafValues>
            -5.7315891981124878e-01 4.6877807378768921e-01</leafValues></_></weakClassifiers></_>
    <!-- stage 7 -->
    <_>
      <maxWeakCount>11</maxWeakCount>
      <stageThreshold>-1.9751900434494019e+00</stageThreshold>
      <weakClassifiers>
        <_>
          <internalNodes>
            0 -1 21 -235536395 -1 -185532427 -185204873 -8225 -16908290
            -1 -16385</internalNodes>
          <leafValues>
            -4.7800168395042419e-01 8.4386038780212402e-01</leafValues></_>
        <_>
          <internalNodes>
            0 -1 62 -218371329 -67895297 863230719 -202113025 1446970463
            -8421603 -285246881 -49281</internalNodes>
          <leafValues>
            -5.3664749860763550e-01 7.3217201232910156e-01</leafValues></_>
        <_>
          <internalNodes>
            0 -1 17 -17314049 -8193 -330369281 -135856177 -833977140
            -32689 -565388082 -11577265</internalNodes>
          <leafValues>
            -5.2801603078842163e-01 7.0323371887207031e-01</leafValues></_>
        <_>
          <internalNodes>
            0 -1 71 -33 -616563033 -35669024 -83969110 -1 -1126170627
            -1291863045 -1025</internalNodes>
          <leafValues>
            -5.4715204238891602e-01 6.7157131433486938e-01</leafValues></_>
        <_>
          <internalNodes>
            0 -1 68 -1614221380 1049407912 821579971 -15944194
            -1423267190 -1936027639 -1163730245 -1073742593</internalNodes>
          <leafValues>
            -5.7336688041687012e-01 5.4856604337692261e-01</leafValues></_>
        <_>
          <internalNodes>
            0 -1 46 268706400 -1109617921 465313228 -1076067588
            949854717 -202309 -1141326920 -1141101912</internalNodes>
          <leafValues>
            -7.4017387628555298e-01 4.0193772315979004e-01</leafValues></_>
        <_>
          <internalNodes>
            0 -1 12 -78646273 -94709353 -1037306114 -454887682
            -475481666 -239365957 276976852 -16778757</internalNodes>
          <leafValues>
            -6.4650607109069824e-01 3.9550861716270447e-01</leafValues></_>
        <_>
          <internalNodes>
            0 -1 41 -208371723 -1714106251 -1190575939 -1361301679
            990950365 -116391059 -81412609 1002121843</internalNodes>
          <leafValues>
            -5.7718408107757568e-01 4.6998938918113708e-01</leafValues></_>
        <_>
          <internalNodes>
            0 -1 70 -750529792 83980288 -774122223 -1290022909
            -1092909952 -1901096953 -2114989951 -1932797493</internalNodes>
          <leafValues>
            -6.4878809452056885e-01 4.1118636727333069e-01</leafValues></_>
        <_>
          <internalNodes>
            0 -1 1 1376620710 2144440348 -1610579840 -545779550
            -610755910 -76003094 -1048401734 -294694</internalNodes>
          <leafValues>
            -5.8637422323226929e-01 4.4170317053794861e-01</leafValues></_>
        <_>
          <internalNodes>
            0 -1 79 -69731421 -418731799 152392145 -171247224
            -1314930550 -108505048 -8265711 -1002253056</internalNodes>
          <leafValues>
            -6.6494178771972656e-01 4.0203037858009338e-01</leafValues></_></weakClassifiers></_>
    <!-- stage 8 -->
    <_>
      <maxWeakCount>11</maxWeakCount>
      <stageThreshold>-1.6260017156600952e+00</stageThreshold>
      <weakClassifiers>
        <_>
          <internalNodes>
            0 -1 61 -792920065 -654574081 -989986817 -101450241
            -992149601 -1929380353 -1258291201 -4097</internalNodes>
          <leafValues>
            -4.3092179298400879e-01 8.4854710102081299e-01</leafValues></_>
        <_>
          <internalNodes>
            0 -1 3 -77594721 2023280131 1325330038 4344907 -1278494577
            -974127593 -679486321 -20253041</internalNodes>
          <leafValues>
            -5.3004479408264160e-01 7.7155178785324097e-01</leafValues></_>
        <_>
          <internalNodes>
            0 -1 36 -241176269 -1929277135 -1761602287 -1344941561
            -2113896054 -939261784 -243225653 -1466192933</internalNodes>
          <leafValues>
            -6.1977475881576538e-01 6.5710639953613281e-01</leafValues></_>
        <_>
          <internalNodes>
            0 -1 60 -711598848 -922710528 1946275857 -645540479
            -1073512309 -300285944 -377386851 -1951400993</internalNodes>
          <leafValues>
            -6.7310255765914917e-01 5.8887988328933716e-01</leafValues></_>
        <_>
          <internalNodes>
            0 -1 38 -69381024 -750059351 -2121596891 -508886720
            -2109206287 -501678080 587819240 -4227189</internalNodes>
          <leafValues>
            -5.9974610805511475e-01 5.6317538022994995e-01</leafValues></_>
        <_>
          <internalNodes>
            0 -1 54 -215896077 -76969295 1409247855 -4513037 1377878152
            -117399040 1292172527 -841514495</internalNodes>
          <leafValues>
            -4.3897381424903870e-01 7.3466300964355469e-01</leafValues></_>
        <_>
          <internalNodes>
            0 -1 49 -392172254 1754923215 1129431240 -896745050
            -788336622 159399936 -251539428 -140791301</internalNodes>
          <leafValues>
            -5.8483207225799561e-01 5.2808469533920288e-01</leafValues></_>
        <_>
          <internalNodes>
            0 -1 75 -578596421 1233851139 231182973 1249919364 8905199
            1090650139 -913732880 -319183928</internalNodes>
          <leafValues>
            -6.4865899085998535e-01 4.7737699747085571e-01</leafValues></_>
        <_>
          <internalNodes>
            0 -1 24 -163134321 -804482559 -1879023565 -1040056062
            335579212 -200474304 143702763 -11487733</internalNodes>
          <leafValues>
            -5.7105022668838501e-01 5.3473663330078125e-01</leafValues></_>
        <_>
          <internalNodes>
            0 -1 51 538186549 1455183998 83869367 -134386691 612154684
            -58966371 -436977733 -1087625028</internalNodes>
          <leafValues>
            -5.2064043283462524e-01 5.5233269929885864e-01</leafValues></_>
        <_>
          <internalNodes>
            0 -1 58 -129109406 1405424138 16840714 860823560 -1336740288
            -1056800415 824241145 -245137209</internalNodes>
          <leafValues>
            -5.8596438169479370e-01 4.8045206069946289e-01</leafValues></_></weakClassifiers></_>
    <!-- stage 9 -->
    <_>
      <maxWeakCount>9</maxWeakCount>
      <stageThreshold>-1.4016003608703613e+00</stageThreshold>
      <weakClassifiers>
        <_>
          <internalNodes>
            0 -1 10 -251134716 -775454755 1053773601 -4255985 1816450628
            -1001980991 1308977152 -1081196798</internalNodes>
          <leafValues>
            -5.8383351564407349e-01 8.3613634109497070e-01</leafValues></_>
        <_>
          <internalNodes>
            0 -1 27 -168098517 -1083179010 1611682656 -572530850
            1566005214 -9043971 1985437655 -67633153</internalNodes>
          <leafValues>
            -4.8396840691566467e-01 8.4314155578613281e-01</leafValues></_>
        <_>
          <internalNodes>
            0 -1 80 -745679581 -1860304887 -1879035564 -792637248
            -2138840832 8388640 411668480 -85294976</internalNodes>
          <leafValues>
            -6.4813297986984253e-01 6.9012689590454102e-01</leafValues></_>
        <_>
          <internalNodes>
            0 -1 64 -25428041 2031741464 -130430783 -570391528
            1598028731 -1474248960 1065021075 -1895046997</internalNodes>
          <leafValues>
            -6.1933761835098267e-01 6.7806488275527954e-01</leafValues></_>
        <_>
          <internalNodes>
            0 -1 14 -928917777 2042725190 -295228655 1490207745
            1422361700 -2145203072 -1062993789 -20791285</internalNodes>
          <leafValues>
            -5.3615599870681763e-01 7.5411760807037354e-01</leafValues></_>
        <_>
          <internalNodes>
            0 -1 30 -602746725 1427637268 -218582763 268439809
            -2139352678 -648016368 -1863519585 -1207254902</internalNodes>
          <leafValues>
            -5.1254492998123169e-01 7.5384259223937988e-01</leafValues></_>
        <_>
          <internalNodes>
            0 -1 67 -259376952 825928226 -2018726179 2089315579
            367141504 153092616 -2136830429 -1086637429</internalNodes>
          <leafValues>
            -5.4372388124465942e-01 6.8455028533935547e-01</leafValues></_>
        <_>
          <internalNodes>
            0 -1 52 537931984 403705872 -1073446817 -1794109435
            134401177 -369098717 -2146291494 -1154730424</internalNodes>
          <leafValues>
            -6.2461209297180176e-01 6.1557292938232422e-01</leafValues></_>
        <_>
          <internalNodes>
            0 -1 29 -232634182 -1862188909 1073779075 -267255791
            1243613400 470433888 403724699 1059211295</internalNodes>
          <leafValues>
            -6.8297350406646729e-01 5.6159192323684692e-01</leafValues></_></weakClassifiers></_></stages>
  <features>
    <_>
      <rect>
        0 0 5 6</rect></_>
    <_>
      <rect>
        0 0 8 1</rect></_>
    <_>
      <rect>
        0 6 3 6</rect></_>
    <_>
      <rect>
        0 10 1 2</rect></_>
    <_>
      <rect>
        0 12 1 1</rect></_>
    <_>
      <rect>
        0 12 3 1</rect></_>
    <_>
      <rect>
        0 13 3 2</rect></_>
    <_>
      <rect>
        0 15 8 3</rect></_>
    <_>
      <rect>
        1 2 6 7</rect></_>
    <_>
      <rect>
        1 4 3 6</rect></_>
    <_>
      <rect>
        1 8 3 2</rect></_>
    <_>
      <rect>
        1 12 3 4</rect></_>
    <_>
      <rect>
        1 13 2 1</rect></_>
    <_>
      <rect>
        1 14 1 3</rect></_>
    <_>
      <rect>
        1 17 1 2</rect></_>
    <_>
      <rect>
        2 3 6 3</rect></_>
    <_>
      <rect>
        2 15 5 3</rect></_>
    <_>
      <rect>
        2 18 3 2</rect></_>
    <_>
      <rect>
        2 21 2 1</rect></_>
    <_>
      <rect>
        3 0 5 4</rect></_>
    <_>
      <rect>
        3 0 6 4</rect></_>
    <_>
      <rect>
        3 4 5 6</rect></_>
    <_>
      <rect>
        3 4 6 6</rect></_>
    <_>
      <rect>
        3 18 3 2</rect></_>
    <_>
      <rect>
        3 20 3 1</rect></_>
    <_>
      <rect>
        4 0 6 4</rect></_>
    <_>
      <rect>
        4 5 3 5</rect></_>
    <_>
      <rect>
        4 5 5 6</rect></_>
    <_>
      <rect>
        4 7 2 2</rect></_>
    <_>
      <rect>
        4 17 3 2</rect></_>
    <_>
      <rect>
        5 2 3 1</rect></_>
    <_>
      <rect>
        5 14 4 2</rect></_>
    <_>
      <rect>
        6 0 4 2</rect></_>
    <_>
      <rect>
        6 0 4 6</rect></_>
    <_>
      <rect>
        6 1 4 2</rect></_>
    <_>
      <rect>
        6 2 2 3</rect></_>
    <_>
      <rect>
        6 5 2 1</rect></_>
    <_>
      <rect>
        7 3 5 6</rect></_>
    <_>
      <rect>
        7 13 1 2</rect></_>
    <_>
      <rect>
        7 13 5 2</rect></_>
    <_>
      <rect>
        7 18 2 2</rect></_>
    <_>
      <rect>
        8 12 2 2</rect></_>
    <_>
      <rect>
        8 14 5 2</rect></_>
    <_>
      <rect>
        8 15 5 3</rect></_>
    <_>
      <rect>
        9 3 2 4</rect></_>
    <_>
      <rect>
        9 6 2 1</rect></_>
    <_>
      <rect>
        9 12 2 1</rect></_>
    <_>
      <rect>
        9 15 2 1</rect></_>
    <_>
      <rect>
        10 1 4 6</rect></_>
    <_>
      <rect>
        10 6 1 1</rect></_>
    <_>
      <rect>
        10 6 1 5</rect></_>
    <_>
      <rect>
        10 15 2 1</rect></_>
    <_>
      <rect>
        10 18 2 1</rect></_>
    <_>
      <rect>
        11 1 3 6</rect></_>
    <_>
      <rect>
        11 3 3 1</rect></_>
    <_>
      <rect>
        11 5 3 5</rect></_>
    <_>
      <rect>
        11 5 4 6</rect></_>
    <_>
      <rect>
        11 7 1 1</rect></_>
    <_>
      <rect>
        11 7 2 2</rect></_>
    <_>
      <rect>
        11 9 3 2</rect></_>
    <_>
      <rect>
        11 18 4 2</rect></_>
    <_>
      <rect>
        12 5 3 5</rect></_>
    <_>
      <rect>
        12 6 2 1</rect></_>
    <_>
      <rect>
        13 4 2 1</rect></_>
    <_>
      <rect>
        13 15 3 3</rect></_>
    <_>
      <rect>
        13 18 3 2</rect></_>
    <_>
      <rect>
        14 7 2 2</rect></_>
    <_>
      <rect>
        14 12 1 2</rect></_>
    <_>
      <rect>
        14 13 1 2</rect></_>
    <_>
      <rect>
        14 15 3 3</rect></_>
    <_>
      <rect>
        14 21 2 1</rect></_>
    <_>
      <rect>
        15 12 3 1</rect></_>
    <_>
      <rect>
        15 12 3 2</rect></_>
    <_>
      <rect>
        15 17 3 2</rect></_>
    <_>
      <rect>
        17 0 2 8</rect></_>
    <_>
      <rect>
        17 13 2 3</rect></_>
    <_>
      <rect>
        17 21 2 1</rect></_>
    <_>
      <rect>
        18 8 2 3</rect></_>
    <_>
      <rect>
        18 21 1 1</rect></_>
    <_>
      <rect>
        20 18 1 2</rect></_>
    <_>
      <rect>
        21 9 1 1</rect></_>
    <_>
      <rect>
        21 9 1 5</rect></_>
    <_>
      <rect>
        21 10 1 1</rect></_>
    <_>
      <rect>
        21 10 1 2</rect></_></features></cascade>
</opencv_storage>
