{
  "msg":"Success!",
  "code":200,
  "obj":{
    "activiUserRanking":[
      {
        "loginCount":{
          "2018-08":0,
          "2018-09":0,
          "2018-10":0,
          "2018-11":0,
          "2018-12":0,
          "2019-01":35,
          "2019-02":590,
          "2019-03":692,
          "2019-04":581,
          "2019-05":140,
          "2019-06":66,
          "2019-07":100
        }
      },
      {
        "userCount":{
          "2018-08":0,
          "2018-09":0,
          "2018-10":0,
          "2018-11":0,
          "2018-12":0,
          "2019-01":2,
          "2019-02":2,
          "2019-03":2,
          "2019-04":2,
          "2019-05":1,
          "2019-06":2,
          "2019-07":4
        }
      },
      {
        "ranking":{
          "one":{
            "date":"2019-07",
            "value":720,
            "username":"SuperAdmin"
          },
          "two":{
            "date":"2019-07",
            "value":155,
            "username":"Admin"
          },
          "three":{
            "date":"2019-07",
            "value":6,
            "username":"YUXUE"
          }
        }
      }
    ],
    "userCount":18,
    "monthloginCount":1818,
    "appTotalCount":18,
    "loginTotalCount":181818,
    "dayloginCount":1818,
    "appRateRanking":[
      {
        "环境管理":{
          "2019-06-12":0,
          "2019-06-13":40,
          "2019-06-14":11,
          "2019-06-15":0,
          "2019-06-16":0,
          "2019-06-17":0,
          "2019-06-18":2,
          "2019-06-19":9,
          "2019-06-20":16,
          "2019-06-21":0,
          "2019-06-22":0,
          "2019-06-23":0,
          "2019-06-24":2,
          "2019-06-25":11,
          "2019-06-26":57,
          "2019-06-27":2,
          "2019-06-28":0,
          "2019-06-29":0,
          "2019-06-30":0,
          "2019-07-01":4,
          "2019-07-02":30,
          "2019-07-03":43,
          "2019-07-04":33,
          "2019-07-05":9,
          "2019-07-06":4,
          "2019-07-07":0,
          "2019-07-08":0,
          "2019-07-09":13,
          "2019-07-10":2,
          "2019-07-11":116
        }
      },
      {
        "口令管理":{
          "2019-06-12":0,
          "2019-06-13":21,
          "2019-06-14":2,
          "2019-06-15":0,
          "2019-06-16":0,
          "2019-06-17":0,
          "2019-06-18":5,
          "2019-06-19":4,
          "2019-06-20":0,
          "2019-06-21":0,
          "2019-06-22":0,
          "2019-06-23":0,
          "2019-06-24":0,
          "2019-06-25":0,
          "2019-06-26":35,
          "2019-06-27":2,
          "2019-06-28":0,
          "2019-06-29":0,
          "2019-06-30":0,
          "2019-07-01":8,
          "2019-07-02":21,
          "2019-07-03":110,
          "2019-07-04":14,
          "2019-07-05":1,
          "2019-07-06":16,
          "2019-07-07":0,
          "2019-07-08":0,
          "2019-07-09":0,
          "2019-07-10":0,
          "2019-07-11":0
        }
      },
      {
        "代码生成":{
          "2019-06-12":0,
          "2019-06-13":3,
          "2019-06-14":1,
          "2019-06-15":0,
          "2019-06-16":0,
          "2019-06-17":3,
          "2019-06-18":0,
          "2019-06-19":3,
          "2019-06-20":0,
          "2019-06-21":0,
          "2019-06-22":0,
          "2019-06-23":0,
          "2019-06-24":0,
          "2019-06-25":0,
          "2019-06-26":32,
          "2019-06-27":15,
          "2019-06-28":0,
          "2019-06-29":0,
          "2019-06-30":0,
          "2019-07-01":0,
          "2019-07-02":21,
          "2019-07-03":0,
          "2019-07-04":10,
          "2019-07-05":19,
          "2019-07-06":0,
          "2019-07-07":0,
          "2019-07-08":0,
          "2019-07-09":0,
          "2019-07-10":0,
          "2019-07-11":30
        }
      },
      {
        "接口文档":{
          "2019-06-12":0,
          "2019-06-13":0,
          "2019-06-14":0,
          "2019-06-15":0,
          "2019-06-16":0,
          "2019-06-17":0,
          "2019-06-18":0,
          "2019-06-19":4,
          "2019-06-20":1,
          "2019-06-21":0,
          "2019-06-22":0,
          "2019-06-23":0,
          "2019-06-24":0,
          "2019-06-25":3,
          "2019-06-26":5,
          "2019-06-27":0,
          "2019-06-28":0,
          "2019-06-29":0,
          "2019-06-30":0,
          "2019-07-01":0,
          "2019-07-02":2,
          "2019-07-03":1,
          "2019-07-04":1,
          "2019-07-05":1,
          "2019-07-06":1,
          "2019-07-07":0,
          "2019-07-08":0,
          "2019-07-09":0,
          "2019-07-10":0,
          "2019-07-11":0
        }
      }
    ],
    "appRateStatistic":[
      {
        "name":"接口文档",
        "value":0
      },
      {
        "name":"代码生成",
        "value":3843
      },
      {
        "name":"口令管理",
        "value":2768
      },
      {
        "name":"环境管理",
        "value":1149
      }
    ]
  }
}