<?xml version="1.0" encoding="UTF-8"?>
<!DOCTYPE generatorConfiguration PUBLIC "-//mybatis.org//DTD MyBatis Generator Configuration 1.0//EN" "http://mybatis.org/dtd/mybatis-generator-config_1_0.dtd">
<generatorConfiguration>

    <classPathEntry location="D:\Maven\apache-maven-3.6.0\mvn\repository\mysql\mysql-connector-java\5.1.6\mysql-connector-java-5.1.6.jar" />
    <context id="msqlTables" targetRuntime="MyBatis3">
        <plugin type="org.mybatis.generator.plugins.SerializablePlugin"></plugin>
        <jdbcConnection connectionURL="jdbc:mysql://localhost:3306/library?useUnicode=true&amp;characterEncoding=utf-8"
                        driverClass="com.mysql.jdbc.Driver" password="root" userId="root" >

            <property name="nullCatalogMeansCurrent" value="true"/>
        </jdbcConnection>
        <javaTypeResolver>
            <property name="forceBigDecimals" value="false" />
        </javaTypeResolver>
        <!-- 生成实体类和数据库表一一对应 -->
        <javaModelGenerator targetPackage="com.yx.po" targetProject="D:\IDEAProject\libraryProject\src\main\java">
            <property name="enableSubPackages" value="true"/>
            <!-- 从数据库返回的值被清理前后的空格  -->
            <property name="trimStrings" value="true" />
        </javaModelGenerator>
        <!--映射xml文件及dao接口-->
        <sqlMapGenerator targetPackage="com.yx.dao" targetProject="D:\IDEAProject\libraryProject\src\main\resources">
            <property name="enableSubPackages" value="true"/>
        </sqlMapGenerator>
        <javaClientGenerator type="XMLMAPPER" targetPackage="com.yx.dao" targetProject="D:\IDEAProject\libraryProject\src\main\java">
            <property name="enableSubPackages" value="true"/>
        </javaClientGenerator>

        <!--数据库表-->
        <table tableName="admin" domainObjectName="Admin"
               enableCountByExample="false" enableUpdateByExample="false" enableDeleteByExample="false"
               enableSelectByExample="false" selectByExampleQueryId="false" >
            <property name="useActualColumnNames" value="false"/>
        </table>
        <table tableName="book_info" domainObjectName="BookInfo"
               enableCountByExample="false" enableUpdateByExample="false" enableDeleteByExample="false"
               enableSelectByExample="false" selectByExampleQueryId="false" >
            <property name="useActualColumnNames" value="false"/>
        </table>
        <table tableName="lend_list" domainObjectName="LendList"
               enableCountByExample="false" enableUpdateByExample="false" enableDeleteByExample="false"
               enableSelectByExample="false" selectByExampleQueryId="false" >
            <property name="useActualColumnNames" value="false"/>
        </table>
        <table tableName="notice" domainObjectName="Notice"
               enableCountByExample="false" enableUpdateByExample="false" enableDeleteByExample="false"
               enableSelectByExample="false" selectByExampleQueryId="false" >
            <property name="useActualColumnNames" value="false"/>
        </table>
        <table tableName="reader_info" domainObjectName="ReaderInfo"
               enableCountByExample="false" enableUpdateByExample="false" enableDeleteByExample="false"
               enableSelectByExample="false" selectByExampleQueryId="false" >
            <property name="useActualColumnNames" value="false"/>
        </table>
        <table tableName="type_info" domainObjectName="TypeInfo"
               enableCountByExample="false" enableUpdateByExample="false" enableDeleteByExample="false"
               enableSelectByExample="false" selectByExampleQueryId="false" >
            <property name="useActualColumnNames" value="false"/>
        </table>
    </context>
</generatorConfiguration>